{"cameraMode":{"drawMode":0,"name":"Shaded","section":"Shading Mode"},"sceneLighting":true,"audioPlay":false,"sceneViewState":{"m_AlwaysRefresh":false,"showFog":true,"showSkybox":true,"showFlares":true,"showImageEffects":true,"showParticleSystems":true,"showVisualEffectGraphs":true,"m_FxEnabled":true},"in2DMode":false,"pivot":{"x":1.0267016887664796,"y":0.31913331151008608,"z":7.439058303833008},"rotation":{"x":-0.006299829576164484,"y":-0.05637180432677269,"z":0.0003562599013093859,"w":-0.9983963966369629},"size":11.260269165039063,"orthographic":false}